title,description
Dead Space,Sci-fi survival horror set in deep space. Engineer Isaac Clarke fights terrifying necromorph aliens on a stranded spaceship using mining tools.
The Callisto Protocol,Story-driven survival horror game set on Jupiter's dead moon. Brutal combat against mutated prisoners and cosmic horrors in maximum security colony.
Alien: Isolation,"Atmospheric survival horror set on a decommissioned space station. Evade a ruthless, unpredictable Xenomorph alien predator in dark corridors."
Prey,"First-person sci-fi immersive sim on space station Talos I. Use alien powers, weapons, and hacking to survive mysterious shapeshifting extraterrestrials."
System Shock,"Classic sci-fi action RPG remake aboard Citadel Station. Fight cyborg mutants, rogue robots, and defeat the malevolent rogue AI named SHODAN."
No Mans Sky,"Infinite procedurally generated universe. Explore alien planets, gather minerals, build space bases, survive extreme radiation and trade in space."
Starfield,"Open world sci-fi RPG set among the stars. Create your space explorer, customize starships, discover uncharted solar systems, and join diverse factions."
Elite Dangerous,"Massive multiplayer space flight simulator. Pilot your own customizable starship, engage in interstellar trade, bounty hunting, and galaxy exploration."
Kerbal Space Program,"Physics-based aerospace simulation. Build realistic multi-stage rockets, manage space missions, calculate orbital mechanics, and explore solar orbits."
Outer Wilds,Critically acclaimed space exploration mystery about a solar system trapped in an endless time loop. Uncover ancient alien cosmic secrets.
Angry Birds Space,Casual physics puzzle game. Launch angry birds through orbital gravity fields and zero gravity space to smash planetary green pigs.
Subnautica,"Underwater alien ocean survival and crafting adventure. Dive into deep aquatic biomes, manage oxygen levels, construct submarines, and escape sea leviathans."
The Forest,"First-person wilderness survival horror. Craft shelters, forage for food, chop trees, and defend against cannibalistic mutant tribes in a dense forest."
Rust,"Hardcore multiplayer online survival game. Build fortified bases, gather wood and scrap, craft assault rifles, and raid enemy player clans."
Valheim,"Brutal exploration and viking survival game for 1-10 players. Slay mythological Norse beasts, construct wooden longhouses, and forge bronze weapons."
Raft,"Ocean survival sandbox. Gather floating ocean debris with your plastic hook, expand your wooden floating raft, and survive relentless tiger shark attacks."
The Last of Us Part I,Emotional post-apocalyptic narrative action game. Joel and Ellie journey across ruined America overrun by fungal cordyceps infected zombies and bandits.
Resident Evil 4 Remake,Survival horror classic reimagined. Agent Leon S. Kennedy rescues the president's kidnapped daughter from a secluded European cult infected by parasites.
Dying Light,"First-person zombie action survival with dynamic parkour mechanics. Free-run across rooftops, craft melee weapons, and survive aggressive night hunter zombies."
Project Zomboid,"Hardcore isometric realistic zombie survival RPG. Scavenge canned food, treat lacerations, combat depression, barricade suburban homes, and inevitably die."
Days Gone,"Open world post-apocalyptic motorcycle action. Ride across rugged Oregon wilderness, fight massive swarming freaker zombie hordes, and clear infected nests."
Metro Exodus,Story-driven post-nuclear shooter. Lead Spartan rangers aboard steam train Aurora across post-apocalyptic Russian wasteland populated with radiation mutants.
The Witcher 3: Wild Hunt,"Acclaimed open world fantasy RPG. Geralt of Rivia tracks the Child of Prophecy across a war-torn continent filled with mythical beasts, curses, and sorcery."
Elden Ring,"Grand fantasy action RPG developed by FromSoftware. Journey through the Lands Between, battle colossal demigods, cast spells, and become the Elden Lord."
Dark Souls III,"Dark fantasy action RPG known for demanding combat. Master dodge rolls, parry strikes, defeat ancient lords of cinder, and kindle dying bonfires."
Skyrim,"Legendary open world fantasy sandbox RPG. Unleash powerful dragon shouts as Dragonborn, explore snow-capped Nordic mountains, and join guilds of mages and thieves."
Baldurs Gate 3,"Turn-based party RPG based on Dungeons and Dragons rules. Form party alliances, roll twenty-sided dice, wield magic spells, and resist mind flayer tadpole corruption."
Dragon Age: Inquisition,"Epic fantasy party role-playing game. Lead the Inquisition, seal magical fade rifts, recruit elven mages and rogue warriors, and defeat demonic invasions."
Hogwarts Legacy,"Open world action RPG set in the 1800s Harry Potter wizarding world. Brew magical potions, master duel spells, tame magical beasts, and explore Hogwarts castle."
Monster Hunter: World,"Action RPG hunting simulator. Track gigantic ferocious monsters across lush tropical ecosystems, craft armor from dragon scales, and wield giant greatswords."
Cyberpunk 2077,"First-person futuristic open world RPG in Night City. Upgrade cybernetic body implants, hack security systems, drive neon sports cars, and become a street mercenary legend."
Deus Ex: Human Revolution,"Cyberpunk stealth action RPG. Investigate global corporate conspiracies with mechanical augmentations, cloaking invisibility, and non-lethal takedowns."
Fallout 4,"Post-nuclear apocalyptic wasteland RPG. Rebuild settlements with scrap, fight super mutants and raiders, craft power armor, and search for your missing child in Boston."
Horizon Zero Dawn,"Post-apocalyptic lush wilderness open world. Play as outcast hunter Aloy, wield precision bows against animalistic mechanical robots, and uncover ancient technology."
Doom Eternal,"Relentless fast-paced arena shooter. Rip and tear hellish demon armies across Earth and Sentinel Prime with super shotguns, shoulder flamethrowers, and blood punches."
Half-Life 2,Iconic physics-based sci-fi shooter. Physicist Gordon Freeman wields the gravity gun to lead humanity's rebellion against the oppressive alien Combine regime.
Counter-Strike 2,"Premier competitive 5v5 tactical shooter. Plant or defuse bombs, purchase assault rifles, utilize responsive sub-tick netcode, and deploy tactical smoke grenades."
Tom Clancys Rainbow Six Siege,"Close-quarters tactical hero shooter. Destructible walls and ceilings, defensive barricades, specialized drone recon, and synchronized SWAT room breaches."
Titanfall 2,"Fast-paced fluid sci-fi shooter. Execute wall-running parkour acrobatics, deploy grappling hooks, and pilot colossal mechanized combat titan mechs."
Apex Legends,"Free-to-play battle royale team shooter. Choose unique legends with abilities, slide down terrain, coordinate tactical squads, and survive the collapsing ring."
BioShock Infinite,"Atmospheric narrative shooter set in floating neo-classical sky city Columbia. Wield dimensional tears, vigor superpower plasmids, and ride overhead sky-lines."
Forza Horizon 5,"Celebration of open world car driving set in scenic Mexico. Race over 700 licensed supercars, compete in canyon street circuits, desert sprints, and stunt jumps."
Assetto Corsa Competizione,"Hardcore GT3 motorsport racing simulator. Precise laser-scanned racing tracks, authentic tire physics modeling, force feedback wheel support, and endurance racing."
Need for Speed Heat,Arcade neon street racer in Palm City. Compete in sanctioned daylight speedhunters showdowns and escape aggressive night police patrol pursuits.
F1 23,"Official Formula One racing championship video game. Drive modern hybrid turbo F1 racing cars with accurate aerodynamic downforce, pit stops, and tire degradation."
Dirt Rally 2.0,"Challenging off-road rally simulator. Navigate hazardous gravel mountain stages, control sudden oversteer drifts, and heed pacenote co-driver calls."
Euro Truck Simulator 2,Relaxing highway freight logistics driving simulation. Transport valuable cargo across realistic European motorway networks with realistic heavy trucks.
EA Sports FC 24,"Authentic football soccer simulator featuring licensed clubs, leagues, HyperMotion volumetric animations, competitive Ultimate Team matches, and career modes."
Football Manager 2024,"Deep sports management simulation. Scout wonderkids, negotiate multi-million player contracts, design tactical press formations, and win league trophies."
NBA 2K24,"Premier professional basketball simulation. Execute crossover dribbles, high-flying slam dunks, play MyCAREER storylines, and control legendary NBA teams."
Rocket League,"High-octane fusion of arcade soccer and rocket-powered vehicle acrobatics. Boost, aerial flip, and score goals with rocket cars inside enclosed arenas."
Civilization VI,"Turn-based 4X historical grand strategy. Found ancient civilizations, expand urban district wonders, negotiate diplomacy, research technologies, and achieve world domination."
Age of Empires IV,"Classic medieval real-time strategy (RTS). Harvest timber and gold, construct fortified stone castles, train knight cavalries, and command historical siege battles."
Stellaris,"Grand sci-fi strategy game of galactic empire conquest. Design starships, research alien anomalies, manage interstellar planetary colonies, and wage galactic wars."
Cities: Skylines II,"Realistic urban city builder and municipal simulation. Zone residential neighborhoods, engineer highway traffic grids, manage electric power, and combat pollution."
Crusader Kings III,"Medieval dynastic roleplay and grand strategy. Arrange royal marriages, orchestrate political assassinations, wage holy crusades, and preserve noble lineage titles."
Total War: Warhammer III,"Massive strategy combining turn-based realm governance with colossal real-time fantasy tactical battles involving dragons, daemon hordes, and gunpowder cannons."
Hades,"Fast isometric hack-and-slash roguelike dungeon crawler. Play as Zagreus, prince of the Underworld, defying god of the dead Hades with Olympian boons."
Hollow Knight,"Challenging 2D hand-drawn gothic metroidvania. Explore the decaying labyrinthine bug kingdom of Hallownest, master delicate nail swordplay, and defeat infected bosses."
Dead Cells,"Rogue-lite action platformer with fluid hack-and-slash combat. Dash through procedurally changing gothic castle dungeons, collect mutating cells, and master weapons."
Slay the Spire,"Turn-based roguelike deckbuilding card battler. Draft synergistic combat cards, discover relic artifacts, slay weird spire monsters, and build unstoppable combos."
